file,labels,confidence
BD/BI_Cr_5/images_unlabels/unlabels/Ana.P.tereX400wF(3222)(0)A-1.png,polar_circular,0.56073284
BD/BI_Cr_5/images_unlabels/unlabels/Ana.P.tereX400wF(3222)(0)A-2.png,equatorial_circular,0.89270884
BD/BI_Cr_5/images_unlabels/unlabels/Ana.P.tereX400wF(3222)(0)A-4.png,equatorial_circular,0.8566788
BD/BI_Cr_5/images_unlabels/unlabels/Ana.P.tereX400wF(3222)(0)A-5.png,equatorial_circular,0.39167297
BD/BI_Cr_5/images_unlabels/unlabels/Ana.P.tereX400wF(3222)(0)A-6.png,equatorial_circular,0.77645373
BD/BI_Cr_5/images_unlabels/unlabels/Ana.P.tereX400wF(3222)(0)A-7.png,equatorial_circular,0.384849
BD/BI_Cr_5/images_unlabels/unlabels/Ana.P.tereX400wF(3222)(0)A-8.png,equatorial_alongada,0.42430893
BD/BI_Cr_5/images_unlabels/unlabels/Ana.P.tereX400wF(3223)(0)B-1.png,polar_circular,0.37234896
BD/BI_Cr_5/images_unlabels/unlabels/Ana.P.tereX400wF(3223)(0)B-2.png,equatorial_circular,0.5073571
BD/BI_Cr_5/images_unlabels/unlabels/Ana.P.tereX400wF(3223)(0)B-4.png,equatorial_circular,0.5477369
BD/BI_Cr_5/images_unlabels/unlabels/Ana.P.tereX400wF(3224)(0)C-10.png,polar_circular,0.79908645
BD/BI_Cr_5/images_unlabels/unlabels/Ana.P.tereX400wF(3224)(0)C-11.png,polar_circular,0.6746703
BD/BI_Cr_5/images_unlabels/unlabels/Ana.P.tereX400wF(3224)(0)C-13.png,equatorial_circular,0.46630704
BD/BI_Cr_5/images_unlabels/unlabels/Ana.P.tereX400wF(3224)(0)C-3.png,equatorial_alongada,0.5391627
BD/BI_Cr_5/images_unlabels/unlabels/Ana.P.tereX400wF(3224)(0)C-5.png,equatorial_circular,0.94287986
BD/BI_Cr_5/images_unlabels/unlabels/Ana.P.tereX400wF(3224)(0)C-8.png,polar_circular,0.5626997
BD/BI_Cr_5/images_unlabels/unlabels/Ana.P.tereX400wF(3225)(0)D-1.png,polar_circular,0.7621749
BD/BI_Cr_5/images_unlabels/unlabels/Ana.P.tereX400wF(3225)(0)D-2.png,equatorial_circular,0.9492942
BD/BI_Cr_5/images_unlabels/unlabels/Ana.P.tereX400wF(3225)(0)D-4.png,polar_circular,0.899278
BD/BI_Cr_5/images_unlabels/unlabels/Ana.P.tereX400wF(3226)(0)E-1.png,equatorial_alongada,0.4649387
BD/BI_Cr_5/images_unlabels/unlabels/Ana.P.tereX400wF(3226)(0)E-2.png,equatorial_eliptica,0.30009967
BD/BI_Cr_5/images_unlabels/unlabels/Ana.P.tereX400wF(3226)(0)E-4.png,equatorial_circular,0.8022255
BD/BI_Cr_5/images_unlabels/unlabels/Ana.P.tereX400wF(3227)(0)F-2.png,equatorial_circular,0.8057338
BD/BI_Cr_5/images_unlabels/unlabels/Api.F.comX400wF(2135)(0)A-18.png,equatorial_alongada,0.7385836
BD/BI_Cr_5/images_unlabels/unlabels/Api.F.comX400wF(2136)(0)B-5.png,equatorial_alongada,0.7225842
BD/BI_Cr_5/images_unlabels/unlabels/Api.F.comX400wF(2138)(0)D-9.png,equatorial_circular,0.44008046
BD/BI_Cr_5/images_unlabels/unlabels/Api.F.comX400wF(2139)(0)E-16.png,polar_triangular,0.63002294
BD/BI_Cr_5/images_unlabels/unlabels/Api.F.comX400wF(2139)(0)E-21.png,equatorial_circular,0.613649
BD/BI_Cr_5/images_unlabels/unlabels/Api.F.comX400wF(2139)(0)E-3.png,equatorial_alongada,0.93160814
BD/BI_Cr_5/images_unlabels/unlabels/Api.F.comX400wF(2139)(0)E-6.png,equatorial_circular,0.61695975
BD/BI_Cr_5/images_unlabels/unlabels/Asp.A.ramX400wF(1984)(0)A-10.png,equatorial_circular,0.49516973
BD/BI_Cr_5/images_unlabels/unlabels/Asp.A.ramX400wF(1984)(0)A-11.png,polar_circular,0.87207824
BD/BI_Cr_5/images_unlabels/unlabels/Asp.A.ramX400wF(1984)(0)A-2.png,polar_circular,0.71246684
BD/BI_Cr_5/images_unlabels/unlabels/Asp.A.ramX400wF(1984)(0)A-6.png,polar_circular,0.9112264
BD/BI_Cr_5/images_unlabels/unlabels/Asp.A.ramX400wF(1984)(0)A-8.png,equatorial_circular,0.81595474
BD/BI_Cr_5/images_unlabels/unlabels/Asp.A.ramX400wF(1985)(0)B-3.png,polar_circular,0.7267765
BD/BI_Cr_5/images_unlabels/unlabels/Asp.A.ramX400wF(1987)(0)D-1.png,polar_circular,0.91267097
BD/BI_Cr_5/images_unlabels/unlabels/Asp.A.ramX400wF(1988)(0)E-2.png,polar_circular,0.67750484
BD/BI_Cr_5/images_unlabels/unlabels/Asp.A.ramX400wF(1988)(0)E-3.png,equatorial_eliptica,0.5468768
BD/BI_Cr_5/images_unlabels/unlabels/Asp.A.ramX400wF(1989)(0)F-3.png,polar_circular,0.8743895
BD/BI_Cr_5/images_unlabels/unlabels/Asp.A.ramX400wF(1990)(0)G-1.png,polar_circular,0.8391316
BD/BI_Cr_5/images_unlabels/unlabels/Asp.A.ramX400wF(1990)(0)G-2.png,polar_circular,0.6385122
BD/BI_Cr_5/images_unlabels/unlabels/Asp.A.ramX400wF(1990)(0)G-3.png,polar_circular,0.43664387
BD/BI_Cr_5/images_unlabels/unlabels/Asp.A.ramX400wF(1990)(0)G-4.png,polar_circular,0.6792729
BD/BI_Cr_5/images_unlabels/unlabels/Asp.A.ramX400wF(1990)(0)G-5.png,polar_circular,0.867211
BD/BI_Cr_5/images_unlabels/unlabels/Asp.U.marX400wF(5317)(0)A-19.png,polar_circular,0.85091764
BD/BI_Cr_5/images_unlabels/unlabels/Asp.U.marX400wF(5321)(0)E-9.png,equatorial_eliptica,0.91630876
BD/BI_Cr_5/images_unlabels/unlabels/Asp.U.marX400wF(5323)(0)G-11.png,equatorial_eliptica,0.8856632
BD/BI_Cr_5/images_unlabels/unlabels/Asp.U.marX400wF(5323)(0)G-6.png,equatorial_eliptica,0.661736
BD/BI_Cr_5/images_unlabels/unlabels/Bra.S.albX400wF(2150)(0)A-7.png,equatorial_circular,0.83687955
BD/BI_Cr_5/images_unlabels/unlabels/Bra.S.albX400wF(2150)(0)A-9.png,equatorial_circular,0.7677493
BD/BI_Cr_5/images_unlabels/unlabels/Bra.S.albX400wF(2151)(0)B-15.png,polar_circular,0.5722549
BD/BI_Cr_5/images_unlabels/unlabels/Bra.S.albX400wF(2151)(0)B-18.png,equatorial_circular,0.8629066
BD/BI_Cr_5/images_unlabels/unlabels/Bra.S.albX400wF(2151)(0)B-2.png,equatorial_circular,0.5210961
BD/BI_Cr_5/images_unlabels/unlabels/Bra.S.albX400wF(2151)(0)B-20.png,equatorial_circular,0.7950266
BD/BI_Cr_5/images_unlabels/unlabels/Bra.S.albX400wF(2151)(0)B-21.png,polar_triangular,0.5717077
BD/BI_Cr_5/images_unlabels/unlabels/Bra.S.albX400wF(2151)(0)B-23.png,equatorial_circular,0.7919822
BD/BI_Cr_5/images_unlabels/unlabels/Bra.S.albX400wF(2151)(0)B-24.png,polar_circular,0.8838809
BD/BI_Cr_5/images_unlabels/unlabels/Bra.S.albX400wF(2152)(0)C-11.png,equatorial_circular,0.54874504
BD/BI_Cr_5/images_unlabels/unlabels/Bra.S.albX400wF(2152)(0)C-15.png,equatorial_circular,0.7825097
BD/BI_Cr_5/images_unlabels/unlabels/Bra.S.albX400wF(2152)(0)C-16.png,polar_triangular,0.73951185
BD/BI_Cr_5/images_unlabels/unlabels/Bra.S.albX400wF(2152)(0)C-20.png,equatorial_circular,0.94520825
BD/BI_Cr_5/images_unlabels/unlabels/Bra.S.albX400wF(2152)(0)C-4.png,equatorial_circular,0.62004
BD/BI_Cr_5/images_unlabels/unlabels/Bra.S.albX400wF(2152)(0)C-8.png,polar_circular,0.87958497
BD/BI_Cr_5/images_unlabels/unlabels/Bra.S.albX400wF(2153)(0)D-1.png,polar_triangular,0.47093052
BD/BI_Cr_5/images_unlabels/unlabels/Bra.S.albX400wF(2153)(0)D-21.png,polar_circular,0.8887262
BD/BI_Cr_5/images_unlabels/unlabels/Bra.S.albX400wF(2153)(0)D-22.png,equatorial_circular,0.87290305
BD/BI_Cr_5/images_unlabels/unlabels/Bra.S.albX400wF(2154)(0)E-16.png,equatorial_circular,0.4227851
BD/BI_Cr_5/images_unlabels/unlabels/Bra.S.albX400wF(2154)(0)E-2.png,equatorial_circular,0.7053414
BD/BI_Cr_5/images_unlabels/unlabels/Bra.S.albX400wF(2154)(0)E-22.png,polar_circular,0.78105706
BD/BI_Cr_5/images_unlabels/unlabels/Bra.S.albX400wF(2154)(0)E-3.png,equatorial_circular,0.9004574
BD/BI_Cr_5/images_unlabels/unlabels/Bra.S.albX400wF(2154)(0)E-5.png,equatorial_circular,0.57713497
BD/BI_Cr_5/images_unlabels/unlabels/Bra.S.albX400wF(2155)(0)F-3.png,equatorial_circular,0.53836185
BD/BI_Cr_5/images_unlabels/unlabels/Eri.E.maniX400wF(5355)(0)A-10.png,polar_triangular,0.80435824
BD/BI_Cr_5/images_unlabels/unlabels/Eri.E.maniX400wF(5355)(0)A-13.png,polar_tricircular,0.5919245
BD/BI_Cr_5/images_unlabels/unlabels/Eri.E.maniX400wF(5355)(0)A-14.png,polar_tricircular,0.7364669
BD/BI_Cr_5/images_unlabels/unlabels/Eri.E.maniX400wF(5355)(0)A-15.png,polar_tricircular,0.85996157
BD/BI_Cr_5/images_unlabels/unlabels/Eri.E.maniX400wF(5355)(0)A-20.png,polar_triangular,0.7979303
BD/BI_Cr_5/images_unlabels/unlabels/Eri.E.maniX400wF(5355)(0)A-5.png,polar_tricircular,0.67558074
BD/BI_Cr_5/images_unlabels/unlabels/Eri.E.maniX400wF(5355)(0)A-7.png,polar_tricircular,0.876571
BD/BI_Cr_5/images_unlabels/unlabels/Eri.E.maniX400wF(5355)(0)A-8.png,polar_tricircular,0.49507907
BD/BI_Cr_5/images_unlabels/unlabels/Eri.E.maniX400wF(5356)(0)B-7.png,polar_tricircular,0.94546044
BD/BI_Cr_5/images_unlabels/unlabels/Eri.E.maniX400wF(5356)(0)B-9.png,polar_tricircular,0.9178406
BD/BI_Cr_5/images_unlabels/unlabels/Eri.E.maniX400wF(5357)(0)C-10.png,polar_tricircular,0.943482
BD/BI_Cr_5/images_unlabels/unlabels/Eri.E.maniX400wF(5357)(0)C-11.png,polar_tricircular,0.61492366
BD/BI_Cr_5/images_unlabels/unlabels/Eri.E.maniX400wF(5357)(0)C-16.png,polar_tricircular,0.86639446
BD/BI_Cr_5/images_unlabels/unlabels/Eri.E.maniX400wF(5357)(0)C-20.png,polar_circular,0.81428456
BD/BI_Cr_5/images_unlabels/unlabels/Eri.E.maniX400wF(5357)(0)C-22.png,polar_tricircular,0.7789257
BD/BI_Cr_5/images_unlabels/unlabels/Eri.E.maniX400wF(5357)(0)C-26.png,polar_tricircular,0.7545359
BD/BI_Cr_5/images_unlabels/unlabels/Eri.E.maniX400wF(5357)(0)C-7.png,polar_tricircular,0.9426794
BD/BI_Cr_5/images_unlabels/unlabels/Eri.E.maniX400wF(5357)(0)C-9.png,polar_tricircular,0.55890244
BD/BI_Cr_5/images_unlabels/unlabels/Eri.E.maniX400wF(5358)(0)D-10.png,polar_tricircular,0.7942664
BD/BI_Cr_5/images_unlabels/unlabels/Eri.E.maniX400wF(5358)(0)D-16.png,polar_tricircular,0.5572077
BD/BI_Cr_5/images_unlabels/unlabels/Eri.E.maniX400wF(5358)(0)D-4.png,polar_circular,0.32449344
BD/BI_Cr_5/images_unlabels/unlabels/Eri.E.maniX400wF(5358)(0)D-9.png,polar_tricircular,0.92831355
BD/BI_Cr_5/images_unlabels/unlabels/Eri.E.maniX400wF(5359)(0)E-1.png,polar_tricircular,0.79684967
BD/BI_Cr_5/images_unlabels/unlabels/Eri.E.maniX400wF(5359)(0)E-13.png,polar_tricircular,0.9041659
BD/BI_Cr_5/images_unlabels/unlabels/Eri.E.maniX400wF(5359)(0)E-18.png,polar_tricircular,0.6672105
BD/BI_Cr_5/images_unlabels/unlabels/Eri.E.maniX400wF(5359)(0)E-23.png,polar_circular,0.77928567
BD/BI_Cr_5/images_unlabels/unlabels/Eri.E.maniX400wF(5359)(0)E-26.png,polar_tricircular,0.91190654
BD/BI_Cr_5/images_unlabels/unlabels/Eri.E.maniX400wF(5359)(0)E-9.png,polar_tricircular,0.9055215
BD/BI_Cr_5/images_unlabels/unlabels/Eri.E.maniX400wF(5360)(0)F-12.png,polar_tricircular,0.94801486
BD/BI_Cr_5/images_unlabels/unlabels/Eri.E.maniX400wF(5360)(0)F-26.png,polar_tricircular,0.9471709
BD/BI_Cr_5/images_unlabels/unlabels/Eri.E.maniX400wF(5360)(0)F-27.png,polar_tricircular,0.46683285
BD/BI_Cr_5/images_unlabels/unlabels/Eri.E.maniX400wF(5360)(0)F-3.png,polar_tricircular,0.7532463
BD/BI_Cr_5/images_unlabels/unlabels/Eri.E.maniX400wF(5360)(0)F-38.png,polar_tricircular,0.94338375
BD/BI_Cr_5/images_unlabels/unlabels/Eri.E.maniX400wF(5360)(0)F-5.png,polar_tricircular,0.7686745
BD/BI_Cr_5/images_unlabels/unlabels/Eri.E.maniX400wF(5361)(0)G-1.png,polar_tricircular,0.69801754
BD/BI_Cr_5/images_unlabels/unlabels/Eri.E.maniX400wF(5361)(0)G-14.png,polar_circular,0.5043785
BD/BI_Cr_5/images_unlabels/unlabels/Eri.E.maniX400wF(5361)(0)G-15.png,polar_tricircular,0.8913031
BD/BI_Cr_5/images_unlabels/unlabels/Eri.E.maniX400wF(5361)(0)G-17.png,polar_tricircular,0.9142851
BD/BI_Cr_5/images_unlabels/unlabels/Eri.E.maniX400wF(5361)(0)G-8.png,polar_tricircular,0.82861227
BD/BI_Cr_5/images_unlabels/unlabels/Eri.E.maniX400wF(5361)(0)G-9.png,polar_circular,0.4872684
BD/BI_Cr_5/images_unlabels/unlabels/Eri.E.maniX400wF(5362)(0)H-11.png,polar_circular,0.6202279
BD/BI_Cr_5/images_unlabels/unlabels/Eri.E.maniX400wF(5362)(0)H-12.png,polar_tricircular,0.6722071
BD/BI_Cr_5/images_unlabels/unlabels/Eri.E.maniX400wF(5362)(0)H-21.png,equatorial_circular,0.52675325
BD/BI_Cr_5/images_unlabels/unlabels/Eri.E.maniX400wF(5362)(0)H-22.png,polar_tricircular,0.7526762
BD/BI_Cr_5/images_unlabels/unlabels/Eri.E.maniX400wF(5362)(0)H-9.png,polar_tricircular,0.79285043
BD/BI_Cr_5/images_unlabels/unlabels/Eri.E.maniX400wF(5363)(0)I-16.png,equatorial_eliptica,0.72592115
BD/BI_Cr_5/images_unlabels/unlabels/Eri.E.maniX400wF(5363)(0)I-6.png,polar_tricircular,0.9111777
BD/BI_Cr_5/images_unlabels/unlabels/Eri.E.maniX400wF(5363)(0)I-8.png,polar_tricircular,0.5496877
BD/BI_Cr_5/images_unlabels/unlabels/Eri.E.maniX400wF(5363)(0)I-9.png,polar_tricircular,0.45738903
BD/BI_Cr_5/images_unlabels/unlabels/Fab.C.silX400wF(475)(0)A-10.png,equatorial_circular,0.77348447
BD/BI_Cr_5/images_unlabels/unlabels/Fab.C.silX400wF(475)(0)A-15.png,equatorial_circular,0.90739155
BD/BI_Cr_5/images_unlabels/unlabels/Fab.C.silX400wF(475)(0)A-17.png,equatorial_circular,0.5737922
BD/BI_Cr_5/images_unlabels/unlabels/Fab.C.silX400wF(475)(0)A-2.png,equatorial_circular,0.9119574
BD/BI_Cr_5/images_unlabels/unlabels/Fab.C.silX400wF(475)(0)A-4.png,equatorial_circular,0.67448527
BD/BI_Cr_5/images_unlabels/unlabels/Fab.C.silX400wF(475)(0)A-7.png,equatorial_circular,0.9286122
BD/BI_Cr_5/images_unlabels/unlabels/Fab.C.silX400wF(475)(0)A-8.png,polar_triangular,0.51876944
BD/BI_Cr_5/images_unlabels/unlabels/Fab.C.silX400wF(476)(0)B-11.png,equatorial_circular,0.8255502
BD/BI_Cr_5/images_unlabels/unlabels/Fab.C.silX400wF(476)(0)B-6.png,equatorial_circular,0.87949383
BD/BI_Cr_5/images_unlabels/unlabels/Fab.C.silX400wF(477)(0)C-4.png,equatorial_circular,0.8399985
BD/BI_Cr_5/images_unlabels/unlabels/Fab.C.silX400wF(478)(0)D-9.png,equatorial_circular,0.8482794
BD/BI_Cr_5/images_unlabels/unlabels/Fab.C.silX400wF(479)(0)E-10.png,equatorial_circular,0.9179485
BD/BI_Cr_5/images_unlabels/unlabels/Fab.C.silX400wF(479)(0)E-12.png,equatorial_circular,0.80572087
BD/BI_Cr_5/images_unlabels/unlabels/Fab.C.silX400wF(479)(0)E-14.png,polar_triangular,0.4826046
BD/BI_Cr_5/images_unlabels/unlabels/Fab.C.silX400wF(479)(0)E-15.png,polar_triangular,0.93830603
BD/BI_Cr_5/images_unlabels/unlabels/Fab.C.silX400wF(479)(0)E-4.png,polar_circular,0.49783185
BD/BI_Cr_5/images_unlabels/unlabels/Fab.C.silX400wF(479)(0)E-9.png,equatorial_circular,0.68456304
BD/BI_Cr_5/images_unlabels/unlabels/Fab.C.silX400wF(480)(0)F-13.png,equatorial_circular,0.66387504
BD/BI_Cr_5/images_unlabels/unlabels/Fab.C.silX400wF(481)(0)G-11.png,equatorial_alongada,0.9125421
BD/BI_Cr_5/images_unlabels/unlabels/Fab.C.silX400wF(481)(0)G-12.png,equatorial_alongada,0.4559894
BD/BI_Cr_5/images_unlabels/unlabels/Fab.C.silX400wF(481)(0)G-13.png,equatorial_circular,0.28176942
BD/BI_Cr_5/images_unlabels/unlabels/Fab.C.silX400wF(481)(0)G-15.png,polar_circular,0.88542914
BD/BI_Cr_5/images_unlabels/unlabels/Fab.C.silX400wF(481)(0)G-19.png,equatorial_circular,0.5590009
BD/BI_Cr_5/images_unlabels/unlabels/Fab.C.silX400wF(481)(0)G-3.png,equatorial_circular,0.7646599
BD/BI_Cr_5/images_unlabels/unlabels/Fab.C.vilX400wF(2016)(0)A-21.png,equatorial_circular,0.9389078
BD/BI_Cr_5/images_unlabels/unlabels/Fab.C.vilX400wF(2016)(0)A-23.png,equatorial_circular,0.890237
BD/BI_Cr_5/images_unlabels/unlabels/Fab.C.vilX400wF(2016)(0)A-3.png,polar_circular,0.82285345
BD/BI_Cr_5/images_unlabels/unlabels/Fab.C.vilX400wF(2016)(0)A-5.png,polar_triangular,0.6126352
BD/BI_Cr_5/images_unlabels/unlabels/Fab.C.vilX400wF(2016)(0)A-8.png,equatorial_circular,0.9051385
BD/BI_Cr_5/images_unlabels/unlabels/Fab.C.vilX400wF(2016)(0)A-9.png,equatorial_alongada,0.6371762
BD/BI_Cr_5/images_unlabels/unlabels/Fab.C.vilX400wF(2017)(0)B-1.png,equatorial_circular,0.81931996
BD/BI_Cr_5/images_unlabels/unlabels/Fab.C.vilX400wF(2017)(0)B-16.png,polar_triangular,0.53751016
BD/BI_Cr_5/images_unlabels/unlabels/Fab.C.vilX400wF(2017)(0)B-2.png,polar_triangular,0.58210546
BD/BI_Cr_5/images_unlabels/unlabels/Fab.C.vilX400wF(2018)(0)C-18.png,polar_triangular,0.5729661
BD/BI_Cr_5/images_unlabels/unlabels/Fab.C.vilX400wF(2018)(0)C-2.png,equatorial_circular,0.6485292
BD/BI_Cr_5/images_unlabels/unlabels/Fab.C.vilX400wF(2018)(0)C-24.png,equatorial_circular,0.86335796
BD/BI_Cr_5/images_unlabels/unlabels/Fab.C.vilX400wF(2018)(0)C-3.png,polar_triangular,0.9163496
BD/BI_Cr_5/images_unlabels/unlabels/Fab.C.vilX400wF(2018)(0)C-6.png,polar_triangular,0.8614391
BD/BI_Cr_5/images_unlabels/unlabels/Fab.C.vilX400wF(2018)(0)C-9.png,polar_triangular,0.87805
BD/BI_Cr_5/images_unlabels/unlabels/Fab.C.vilX400wF(2019)(0)D-108.png,polar_triangular,0.75052965
BD/BI_Cr_5/images_unlabels/unlabels/Fab.C.vilX400wF(2019)(0)D-9.png,equatorial_circular,0.63894886
BD/BI_Cr_5/images_unlabels/unlabels/Fab.C.vilX400wF(2020)(0)E-100.png,polar_triangular,0.8990674
BD/BI_Cr_5/images_unlabels/unlabels/Fab.C.vilX400wF(2020)(0)E-107.png,equatorial_circular,0.4016576
BD/BI_Cr_5/images_unlabels/unlabels/Fab.C.vilX400wF(2020)(0)E-113.png,polar_triangular,0.35735944
BD/BI_Cr_5/images_unlabels/unlabels/Fab.C.vilX400wF(2020)(0)E-75.png,polar_triangular,0.89793265
BD/BI_Cr_5/images_unlabels/unlabels/Fab.C.vilX400wF(2020)(0)E-88.png,polar_triangular,0.90878546
BD/BI_Cr_5/images_unlabels/unlabels/Fab.C.vilX400wF(2020)(0)E-95.png,polar_circular,0.9094664
BD/BI_Cr_5/images_unlabels/unlabels/Fab.C.vilX400wF(2020)(0)E-97.png,polar_triangular,0.65998703
BD/BI_Cr_5/images_unlabels/unlabels/Fab.E.creX400wF(694)(0)B-1.png,equatorial_alongada,0.727167
BD/BI_Cr_5/images_unlabels/unlabels/Fab.E.creX400wF(694)(0)B-4.png,equatorial_circular,0.49866107
BD/BI_Cr_5/images_unlabels/unlabels/Fab.E.creX400wF(694)(0)B-5.png,equatorial_alongada,0.43099838
BD/BI_Cr_5/images_unlabels/unlabels/Fab.E.creX400wF(694)(0)B-6.png,equatorial_circular,0.9376445
BD/BI_Cr_5/images_unlabels/unlabels/Fab.E.creX400wF(695)(0)C-1.png,equatorial_circular,0.44969198
BD/BI_Cr_5/images_unlabels/unlabels/Fab.E.creX400wF(695)(0)C-3.png,equatorial_circular,0.7985518
BD/BI_Cr_5/images_unlabels/unlabels/Fab.E.creX400wF(696)(0)D-1.png,equatorial_alongada,0.41177574
BD/BI_Cr_5/images_unlabels/unlabels/Fab.E.creX400wF(696)(0)D-2.png,equatorial_eliptica,0.93126947
BD/BI_Cr_5/images_unlabels/unlabels/Fab.E.creX400wF(697)(0)E-1.png,equatorial_circular,0.93238497
BD/BI_Cr_5/images_unlabels/unlabels/Fab.E.creX400wF(697)(0)E-2.png,equatorial_circular,0.48786753
BD/BI_Cr_5/images_unlabels/unlabels/Fab.E.creX400wF(698)(0)F-3.png,equatorial_circular,0.61154914
BD/BI_Cr_5/images_unlabels/unlabels/Fab.E.creX400wF(698)(0)F-4.png,equatorial_circular,0.6743494
BD/BI_Cr_5/images_unlabels/unlabels/Fab.E.creX400wF(698)(0)F-5.png,equatorial_circular,0.93472975
BD/BI_Cr_5/images_unlabels/unlabels/Fag.C.satX400wF(781)(0)A-37.png,equatorial_alongada,0.9273487
BD/BI_Cr_5/images_unlabels/unlabels/Fag.C.satX400wF(782)(0)B-10.png,equatorial_alongada,0.7761219
BD/BI_Cr_5/images_unlabels/unlabels/Fag.C.satX400wF(782)(0)B-13.png,equatorial_alongada,0.7400728
BD/BI_Cr_5/images_unlabels/unlabels/Fag.C.satX400wF(782)(0)B-14.png,equatorial_alongada,0.8531094
BD/BI_Cr_5/images_unlabels/unlabels/Fag.C.satX400wF(782)(0)B-2.png,polar_circular,0.44210237
BD/BI_Cr_5/images_unlabels/unlabels/Fag.C.satX400wF(782)(0)B-3.png,equatorial_alongada,0.8223893
BD/BI_Cr_5/images_unlabels/unlabels/Fag.C.satX400wF(782)(0)B-4.png,polar_circular,0.5478676
BD/BI_Cr_5/images_unlabels/unlabels/Fag.C.satX400wF(782)(0)B-8.png,equatorial_alongada,0.88061386
BD/BI_Cr_5/images_unlabels/unlabels/Fag.C.satX400wF(783)(0)C-2.png,equatorial_alongada,0.92914736
BD/BI_Cr_5/images_unlabels/unlabels/Fag.C.satX400wF(783)(0)C-4.png,equatorial_alongada,0.63790137
BD/BI_Cr_5/images_unlabels/unlabels/Fag.C.satX400wF(783)(0)C-5.png,equatorial_alongada,0.9087714
BD/BI_Cr_5/images_unlabels/unlabels/Fag.C.satX400wF(783)(0)C-6.png,equatorial_alongada,0.9347153
BD/BI_Cr_5/images_unlabels/unlabels/Fag.C.satX400wF(783)(0)C-7.png,equatorial_alongada,0.90940195
BD/BI_Cr_5/images_unlabels/unlabels/Fag.C.satX400wF(784)(0)D-11.png,equatorial_alongada,0.8811775
BD/BI_Cr_5/images_unlabels/unlabels/Fag.C.satX400wF(784)(0)D-2.png,equatorial_alongada,0.81884927
BD/BI_Cr_5/images_unlabels/unlabels/Fag.C.satX400wF(784)(0)D-3.png,equatorial_alongada,0.49206957
BD/BI_Cr_5/images_unlabels/unlabels/Fag.C.satX400wF(785)(0)E-4.png,equatorial_alongada,0.89891875
BD/BI_Cr_5/images_unlabels/unlabels/Fag.C.satX400wF(785)(0)E-6.png,equatorial_alongada,0.72728425
BD/BI_Cr_5/images_unlabels/unlabels/Fag.C.satX400wF(786)(0)F-2.png,equatorial_alongada,0.9198385
BD/BI_Cr_5/images_unlabels/unlabels/Fag.C.satX400wF(786)(0)F-5.png,equatorial_alongada,0.87438244
BD/BI_Cr_5/images_unlabels/unlabels/Fag.C.satX400wF(786)(0)F-6.png,equatorial_alongada,0.94279003
BD/BI_Cr_5/images_unlabels/unlabels/Fag.C.satX400wF(792)(781)G-15.png,equatorial_alongada,0.9422187
BD/BI_Cr_5/images_unlabels/unlabels/Fag.C.satX400wF(792)(781)G-36.png,equatorial_alongada,0.55758333
BD/BI_Cr_5/images_unlabels/unlabels/Fag.C.satX400wF(792)(781)G-45.png,equatorial_alongada,0.7419654
BD/BI_Cr_5/images_unlabels/unlabels/Fag.C.satX400wF(792)(781)G-53.png,equatorial_alongada,0.9417971
BD/BI_Cr_5/images_unlabels/unlabels/Fag.C.satX400wF(792)(781)G-9.png,equatorial_alongada,0.9053784
BD/BI_Cr_5/images_unlabels/unlabels/Fag.C.satX400wF(793)(781)H-14.png,equatorial_alongada,0.7290256
BD/BI_Cr_5/images_unlabels/unlabels/Fag.C.satX400wF(793)(781)H-35.png,equatorial_alongada,0.74017906
BD/BI_Cr_5/images_unlabels/unlabels/Fag.C.satX400wF(793)(781)H-52.png,equatorial_alongada,0.65054506
BD/BI_Cr_5/images_unlabels/unlabels/Fag.C.satX400wF(793)(781)H-9.png,equatorial_alongada,0.9063295
BD/BI_Cr_5/images_unlabels/unlabels/IMG_3701-2.png,equatorial_circular,0.6971619
BD/BI_Cr_5/images_unlabels/unlabels/IMG_3701-4.png,polar_circular,0.70758426
BD/BI_Cr_5/images_unlabels/unlabels/IMG_3701-6.png,equatorial_circular,0.6856176
BD/BI_Cr_5/images_unlabels/unlabels/IMG_3701-7.png,equatorial_circular,0.8698451
BD/BI_Cr_5/images_unlabels/unlabels/IMG_3704-18.png,equatorial_circular,0.5443176
BD/BI_Cr_5/images_unlabels/unlabels/IMG_3706-11.png,polar_triangular,0.7144813
BD/BI_Cr_5/images_unlabels/unlabels/IMG_3706-2.png,polar_triangular,0.43128034
BD/BI_Cr_5/images_unlabels/unlabels/IMG_3708-10.png,polar_triangular,0.71573484
BD/BI_Cr_5/images_unlabels/unlabels/IMG_3708-11.png,equatorial_circular,0.6570901
BD/BI_Cr_5/images_unlabels/unlabels/IMG_3708-12.png,equatorial_circular,0.9144433
BD/BI_Cr_5/images_unlabels/unlabels/IMG_3708-14.png,equatorial_circular,0.9228582
BD/BI_Cr_5/images_unlabels/unlabels/IMG_3708-4.png,equatorial_circular,0.7535021
BD/BI_Cr_5/images_unlabels/unlabels/IMG_3708-7.png,polar_triangular,0.67278963
BD/BI_Cr_5/images_unlabels/unlabels/IMG_3708-8.png,equatorial_circular,0.6393057
BD/BI_Cr_5/images_unlabels/unlabels/IMG_3708-9.png,polar_triangular,0.55663884
BD/BI_Cr_5/images_unlabels/unlabels/IMG_3734-130.png,polar_circular,0.5183586
BD/BI_Cr_5/images_unlabels/unlabels/IMG_3734-28.png,polar_triangular,0.9159032
BD/BI_Cr_5/images_unlabels/unlabels/IMG_3734-63.png,polar_triangular,0.9050915
BD/BI_Cr_5/images_unlabels/unlabels/IMG_3734-99.png,equatorial_circular,0.89167553
BD/BI_Cr_5/images_unlabels/unlabels/IMG_3735-1.png,polar_triangular,0.49791637
BD/BI_Cr_5/images_unlabels/unlabels/IMG_3737-69.png,polar_triangular,0.42844924
BD/BI_Cr_5/images_unlabels/unlabels/IMG_3738-140.png,polar_circular,0.7737738
BD/BI_Cr_5/images_unlabels/unlabels/IMG_3738-142.png,equatorial_alongada,0.68532956
BD/BI_Cr_5/images_unlabels/unlabels/IMG_3738-149.png,polar_circular,0.7312438
BD/BI_Cr_5/images_unlabels/unlabels/IMG_3738-150.png,equatorial_alongada,0.5578437
BD/BI_Cr_5/images_unlabels/unlabels/IMG_3738-151.png,polar_circular,0.45337054
BD/BI_Cr_5/images_unlabels/unlabels/IMG_3738-154.png,polar_triangular,0.70758545
BD/BI_Cr_5/images_unlabels/unlabels/IMG_3738-156.png,equatorial_alongada,0.39545432
BD/BI_Cr_5/images_unlabels/unlabels/IMG_3738-157.png,polar_triangular,0.65448517
BD/BI_Cr_5/images_unlabels/unlabels/IMG_3738-53.png,equatorial_alongada,0.77099216
BD/BI_Cr_5/images_unlabels/unlabels/IMG_3738-73.png,polar_triangular,0.79320925
BD/BI_Cr_5/images_unlabels/unlabels/IMG_3741-16.png,polar_triangular,0.7158049
BD/BI_Cr_5/images_unlabels/unlabels/IMG_3741-61.png,polar_triangular,0.9209239
BD/BI_Cr_5/images_unlabels/unlabels/IMG_3741-68.png,polar_circular,0.60459876
BD/BI_Cr_5/images_unlabels/unlabels/IMG_3741-69.png,equatorial_alongada,0.9165126
BD/BI_Cr_5/images_unlabels/unlabels/IMG_3741-70.png,polar_circular,0.5007181
BD/BI_Cr_5/images_unlabels/unlabels/IMG_3741-9.png,equatorial_circular,0.8088122
BD/BI_Cr_5/images_unlabels/unlabels/IMG_3742-52.png,polar_triangular,0.75692075
BD/BI_Cr_5/images_unlabels/unlabels/IMG_3743-26.png,polar_triangular,0.41122666
BD/BI_Cr_5/images_unlabels/unlabels/IMG_3743-36.png,equatorial_alongada,0.35980347
BD/BI_Cr_5/images_unlabels/unlabels/IMG_3743-38.png,polar_triangular,0.71445006
BD/BI_Cr_5/images_unlabels/unlabels/IMG_3743-40.png,polar_triangular,0.5715594
BD/BI_Cr_5/images_unlabels/unlabels/IMG_3743-42.png,equatorial_eliptica,0.41713914
BD/BI_Cr_5/images_unlabels/unlabels/IMG_3744-4.png,equatorial_circular,0.6343853
BD/BI_Cr_5/images_unlabels/unlabels/Lam.O.micX400wF(884)(0)A-1.png,equatorial_circular,0.8699838
BD/BI_Cr_5/images_unlabels/unlabels/Lam.O.micX400wF(884)(0)A-10.png,polar_circular,0.7460652
BD/BI_Cr_5/images_unlabels/unlabels/Lam.O.micX400wF(884)(0)A-8.png,polar_circular,0.81983817
BD/BI_Cr_5/images_unlabels/unlabels/Lam.O.micX400wF(885)(0)B-1.png,polar_circular,0.7501187
BD/BI_Cr_5/images_unlabels/unlabels/Lam.O.micX400wF(885)(0)B-13.png,equatorial_circular,0.7961536
BD/BI_Cr_5/images_unlabels/unlabels/Lam.O.micX400wF(886)(0)C-10.png,polar_circular,0.74148554
BD/BI_Cr_5/images_unlabels/unlabels/Lam.O.micX400wF(886)(0)C-2.png,polar_circular,0.86057836
BD/BI_Cr_5/images_unlabels/unlabels/Lam.O.micX400wF(886)(0)C-21.png,equatorial_circular,0.943108
BD/BI_Cr_5/images_unlabels/unlabels/Lam.O.micX400wF(886)(0)C-26.png,equatorial_circular,0.58044064
BD/BI_Cr_5/images_unlabels/unlabels/Lam.O.micX400wF(886)(0)C-41.png,equatorial_circular,0.81737995
BD/BI_Cr_5/images_unlabels/unlabels/Lam.O.micX400wF(886)(0)C-43.png,equatorial_circular,0.93201876
BD/BI_Cr_5/images_unlabels/unlabels/Lam.O.micX400wF(886)(0)C-53.png,equatorial_circular,0.9011504
BD/BI_Cr_5/images_unlabels/unlabels/Lam.O.micX400wF(886)(0)C-56.png,equatorial_circular,0.9483827
BD/BI_Cr_5/images_unlabels/unlabels/Lam.O.micX400wF(886)(0)C-62.png,equatorial_circular,0.9036437
BD/BI_Cr_5/images_unlabels/unlabels/Lam.O.micX400wF(887)(0)D-10.png,polar_circular,0.8964619
BD/BI_Cr_5/images_unlabels/unlabels/Lam.O.micX400wF(887)(0)D-12.png,equatorial_circular,0.76786345
BD/BI_Cr_5/images_unlabels/unlabels/Lam.O.micX400wF(888)(0)E-4.png,equatorial_circular,0.9227592
BD/BI_Cr_5/images_unlabels/unlabels/Lam.O.micX400wF(888)(0)E-5.png,polar_circular,0.48722792
BD/BI_Cr_5/images_unlabels/unlabels/Lam.O.micX400wF(888)(0)E-6.png,polar_circular,0.87991345
BD/BI_Cr_5/images_unlabels/unlabels/Lam.O.micX400wF(889)(0)F-14.png,polar_triangular,0.5544358
BD/BI_Cr_5/images_unlabels/unlabels/Lam.O.micX400wF(889)(0)F-16.png,equatorial_circular,0.7569412
BD/BI_Cr_5/images_unlabels/unlabels/Lam.O.micX400wF(889)(0)F-17.png,equatorial_circular,0.9466358
BD/BI_Cr_5/images_unlabels/unlabels/Lam.O.micX400wF(889)(0)F-19.png,equatorial_circular,0.78641504
BD/BI_Cr_5/images_unlabels/unlabels/Lam.O.micX400wF(889)(0)F-20.png,equatorial_circular,0.8598034
BD/BI_Cr_5/images_unlabels/unlabels/Lam.O.micX400wF(889)(0)F-21.png,polar_triangular,0.37811038
BD/BI_Cr_5/images_unlabels/unlabels/Lam.O.micX400wF(889)(0)F-25.png,polar_circular,0.4865923
BD/BI_Cr_5/images_unlabels/unlabels/Lam.O.micX400wF(889)(0)F-34.png,equatorial_circular,0.5997344
BD/BI_Cr_5/images_unlabels/unlabels/Lam.O.micX400wF(889)(0)F-35.png,equatorial_circular,0.6079947
BD/BI_Cr_5/images_unlabels/unlabels/Lam.O.micX400wF(889)(0)F-38.png,equatorial_circular,0.676351
BD/BI_Cr_5/images_unlabels/unlabels/Lam.O.micX400wF(889)(0)F-44.png,equatorial_circular,0.5725841
BD/BI_Cr_5/images_unlabels/unlabels/Lam.O.micX400wF(889)(0)F-46.png,equatorial_circular,0.41736126
BD/BI_Cr_5/images_unlabels/unlabels/Lam.O.micX400wF(889)(0)F-47.png,equatorial_alongada,0.6750277
BD/BI_Cr_5/images_unlabels/unlabels/Lam.O.micX400wF(889)(0)F-48.png,equatorial_circular,0.88306695
BD/BI_Cr_5/images_unlabels/unlabels/Lam.O.micX400wF(889)(0)F-5.png,equatorial_circular,0.8465712
BD/BI_Cr_5/images_unlabels/unlabels/Lam.O.micX400wF(889)(0)F-57.png,equatorial_circular,0.7338208
BD/BI_Cr_5/images_unlabels/unlabels/Lam.O.micX400wF(889)(0)F-62.png,equatorial_alongada,0.6632109
BD/BI_Cr_5/images_unlabels/unlabels/Lam.O.micX400wF(889)(0)F-8.png,polar_circular,0.3127392
BD/BI_Cr_5/images_unlabels/unlabels/Lam.O.micX400wF(889)(0)F-9.png,polar_circular,0.56260055
BD/BI_Cr_5/images_unlabels/unlabels/Lam.S.thyX400wF(943)(990)C-8.png,equatorial_circular,0.92811346
BD/BI_Cr_5/images_unlabels/unlabels/Lam.S.thyX400wF(944)(940)E-13.png,polar_circular,0.8452076
BD/BI_Cr_5/images_unlabels/unlabels/Lam.S.triX400wF(2188)(0)A-1.png,polar_circular,0.9482367
BD/BI_Cr_5/images_unlabels/unlabels/Lam.S.triX400wF(2188)(0)A-6.png,polar_circular,0.9475301
BD/BI_Cr_5/images_unlabels/unlabels/Lam.S.triX400wF(2189)(0)B-15.png,equatorial_circular,0.76715624
BD/BI_Cr_5/images_unlabels/unlabels/Lam.S.triX400wF(2189)(0)B-16.png,equatorial_circular,0.5661091
BD/BI_Cr_5/images_unlabels/unlabels/Lam.S.triX400wF(2189)(0)B-20.png,polar_circular,0.5977658
BD/BI_Cr_5/images_unlabels/unlabels/Lam.S.triX400wF(2189)(0)B-21.png,polar_circular,0.8241319
BD/BI_Cr_5/images_unlabels/unlabels/Lam.S.triX400wF(2189)(0)B-24.png,polar_circular,0.85689074
BD/BI_Cr_5/images_unlabels/unlabels/Lam.S.triX400wF(2189)(0)B-28.png,polar_triangular,0.5706061
BD/BI_Cr_5/images_unlabels/unlabels/Lam.S.triX400wF(2189)(0)B-31.png,equatorial_circular,0.5773169
BD/BI_Cr_5/images_unlabels/unlabels/Lam.S.triX400wF(2189)(0)B-33.png,equatorial_circular,0.84740615
BD/BI_Cr_5/images_unlabels/unlabels/Lam.S.triX400wF(2189)(0)B-34.png,equatorial_circular,0.7801863
BD/BI_Cr_5/images_unlabels/unlabels/Lam.S.triX400wF(2189)(0)B-38.png,equatorial_circular,0.85555035
BD/BI_Cr_5/images_unlabels/unlabels/Lam.S.triX400wF(2189)(0)B-41.png,equatorial_circular,0.7144829
BD/BI_Cr_5/images_unlabels/unlabels/Lam.S.triX400wF(2189)(0)B-5.png,equatorial_circular,0.63650334
BD/BI_Cr_5/images_unlabels/unlabels/Lam.S.triX400wF(2189)(0)B-52.png,equatorial_circular,0.702359
BD/BI_Cr_5/images_unlabels/unlabels/Lam.S.triX400wF(2189)(0)B-59.png,equatorial_circular,0.9462724
BD/BI_Cr_5/images_unlabels/unlabels/Lam.S.triX400wF(2190)(0)C-21.png,polar_circular,0.5302702
BD/BI_Cr_5/images_unlabels/unlabels/Lam.S.triX400wF(2190)(0)C-23.png,equatorial_circular,0.8452378
BD/BI_Cr_5/images_unlabels/unlabels/Lam.S.triX400wF(2190)(0)C-25.png,equatorial_circular,0.891595
BD/BI_Cr_5/images_unlabels/unlabels/Lam.S.triX400wF(2190)(0)C-36.png,polar_circular,0.66943276
BD/BI_Cr_5/images_unlabels/unlabels/Lam.S.triX400wF(2190)(0)C-37.png,equatorial_circular,0.73739415
BD/BI_Cr_5/images_unlabels/unlabels/Lam.S.triX400wF(2190)(0)C-8.png,equatorial_circular,0.7469717
BD/BI_Cr_5/images_unlabels/unlabels/Lam.S.triX400wF(2191)(0)D-16.png,equatorial_circular,0.79407686
BD/BI_Cr_5/images_unlabels/unlabels/Lam.S.triX400wF(2191)(0)D-21.png,equatorial_circular,0.89484316
BD/BI_Cr_5/images_unlabels/unlabels/Lam.S.triX400wF(2191)(0)D-23.png,polar_circular,0.9016093
BD/BI_Cr_5/images_unlabels/unlabels/Lam.S.triX400wF(2191)(0)D-24.png,polar_circular,0.78079116
BD/BI_Cr_5/images_unlabels/unlabels/Lam.S.triX400wF(2191)(0)D-25.png,equatorial_circular,0.90861714
BD/BI_Cr_5/images_unlabels/unlabels/Lam.S.triX400wF(2191)(0)D-33.png,polar_circular,0.9303899
BD/BI_Cr_5/images_unlabels/unlabels/Lam.S.triX400wF(2191)(0)D-41.png,equatorial_circular,0.5214027
BD/BI_Cr_5/images_unlabels/unlabels/Lam.S.triX400wF(2191)(0)D-44.png,equatorial_circular,0.9222978
BD/BI_Cr_5/images_unlabels/unlabels/Lam.S.triX400wF(2191)(0)D-6.png,polar_circular,0.5384211
BD/BI_Cr_5/images_unlabels/unlabels/Lam.S.triX400wF(2191)(0)D-7.png,polar_circular,0.74374634
BD/BI_Cr_5/images_unlabels/unlabels/Lam.S.triX400wF(2192)(0)E-2.png,polar_circular,0.85523915
BD/BI_Cr_5/images_unlabels/unlabels/Lam.S.triX400wF(2192)(0)E-3.png,polar_circular,0.87264025
BD/BI_Cr_5/images_unlabels/unlabels/Lam.S.triX400wF(2193)(0)F-12.png,equatorial_circular,0.91746086
BD/BI_Cr_5/images_unlabels/unlabels/Lam.S.triX400wF(2193)(0)F-13.png,equatorial_circular,0.51532567
BD/BI_Cr_5/images_unlabels/unlabels/Lam.S.triX400wF(2193)(0)F-8.png,polar_circular,0.7487906
BD/BI_Cr_5/images_unlabels/unlabels/Lam.T.capX400wF(1029)(0)A-27.png,polar_circular,0.9446881
BD/BI_Cr_5/images_unlabels/unlabels/Lam.T.capX400wF(1032)(0)D-1.png,polar_circular,0.9370319
BD/BI_Cr_5/images_unlabels/unlabels/Lam.T.capX400wF(1032)(0)D-12.png,polar_circular,0.6982633
BD/BI_Cr_5/images_unlabels/unlabels/Lam.T.capX400wF(1032)(0)D-14.png,equatorial_circular,0.9274406
BD/BI_Cr_5/images_unlabels/unlabels/Lam.T.capX400wF(1032)(0)D-6.png,polar_circular,0.7498767
BD/BI_Cr_5/images_unlabels/unlabels/Myr.E.camaX400wF(1868)(0)C-14.png,polar_triangular,0.9230291
BD/BI_Cr_5/images_unlabels/unlabels/Myr.E.camaX400wF(1868)(0)C-2.png,polar_triangular,0.730549
BD/BI_Cr_5/images_unlabels/unlabels/Myr.E.camaX400wF(1869)(0)D-1.png,polar_circular,0.8680989
BD/BI_Cr_5/images_unlabels/unlabels/Myr.E.camaX400wF(1869)(0)D-3.png,equatorial_alongada,0.8426054
BD/BI_Cr_5/images_unlabels/unlabels/Myr.E.camaX400wF(1870)(0)E-2.png,polar_triangular,0.6886755
BD/BI_Cr_5/images_unlabels/unlabels/Myr.E.camaX400wF(1870)(0)E-5.png,polar_triangular,0.83353084
BD/BI_Cr_5/images_unlabels/unlabels/Myr.E.camaX400wF(1871)(0)F-9.png,equatorial_circular,0.5161962
BD/BI_Cr_5/images_unlabels/unlabels/Myr.E.camaX400wF(1872)(0)G-7.png,polar_triangular,0.83730143
BD/BI_Cr_5/images_unlabels/unlabels/Myr.E.camaX400wF(2962)(0)H-16.png,polar_triangular,0.90707994
BD/BI_Cr_5/images_unlabels/unlabels/Myr.E.camaX400wF(2962)(0)H-2.png,equatorial_circular,0.89247406
BD/BI_Cr_5/images_unlabels/unlabels/Myr.E.camaX400wF(2962)(0)H-26.png,equatorial_circular,0.84271055
BD/BI_Cr_5/images_unlabels/unlabels/Myr.E.camaX400wF(2962)(0)H-6.png,polar_triangular,0.8816594
BD/BI_Cr_5/images_unlabels/unlabels/Myr.E.camaX400wF(2962)(0)H-9.png,equatorial_circular,0.6873021
BD/BI_Cr_5/images_unlabels/unlabels/Myr.E.camaX400wF(2963)(0)I-9.png,equatorial_circular,0.7632836
BD/BI_Cr_5/images_unlabels/unlabels/Myr.E.camaX400wF(2964)(0)J-12.png,equatorial_alongada,0.5089026
BD/BI_Cr_5/images_unlabels/unlabels/Myr.E.camaX400wF(2964)(0)J-2.png,polar_triangular,0.53503567
BD/BI_Cr_5/images_unlabels/unlabels/Myr.E.camaX400wF(2964)(0)J-27.png,equatorial_circular,0.94667584
BD/BI_Cr_5/images_unlabels/unlabels/Myr.E.camaX400wF(2964)(0)J-32.png,polar_triangular,0.5095453
BD/BI_Cr_5/images_unlabels/unlabels/Myr.E.camaX400wF(2964)(0)J-7.png,equatorial_circular,0.7908257
BD/BI_Cr_5/images_unlabels/unlabels/Myr.M.comX400wF(1095)(1091)A-2.png,equatorial_circular,0.6578431
BD/BI_Cr_5/images_unlabels/unlabels/Myr.M.comX400wF(1095)(1091)A-54.png,polar_triangular,0.7382266
BD/BI_Cr_5/images_unlabels/unlabels/Myr.M.comX400wF(1095)(1091)A-91.png,polar_triangular,0.9477571
BD/BI_Cr_5/images_unlabels/unlabels/Myr.M.comX400wF(1097)(1090)C-51.png,polar_circular,0.5446118
BD/BI_Cr_5/images_unlabels/unlabels/Myr.M.comX400wF(1097)(1090)C-52.png,polar_triangular,0.6347121
BD/BI_Cr_5/images_unlabels/unlabels/Myr.M.comX400wF(1097)(1090)C-61.png,equatorial_circular,0.9174804
BD/BI_Cr_5/images_unlabels/unlabels/Ole.O.euroX400wF(4261)(0)A-15.png,equatorial_circular,0.7720418
BD/BI_Cr_5/images_unlabels/unlabels/Ole.O.euroX400wF(4261)(0)A-16.png,polar_triangular,0.5911233
BD/BI_Cr_5/images_unlabels/unlabels/Ole.O.euroX400wF(4261)(0)A-28.png,equatorial_circular,0.94113
BD/BI_Cr_5/images_unlabels/unlabels/Ole.O.euroX400wF(4261)(0)A-38.png,equatorial_circular,0.8838327
BD/BI_Cr_5/images_unlabels/unlabels/Ole.O.euroX400wF(4261)(0)A-56.png,polar_triangular,0.8389984
BD/BI_Cr_5/images_unlabels/unlabels/Ole.O.euroX400wF(4261)(0)A-58.png,equatorial_circular,0.8054267
BD/BI_Cr_5/images_unlabels/unlabels/Ole.O.euroX400wF(4262)(0)B-11.png,polar_triangular,0.94774014
BD/BI_Cr_5/images_unlabels/unlabels/Ole.O.euroX400wF(4262)(0)B-3.png,equatorial_circular,0.92226136
BD/BI_Cr_5/images_unlabels/unlabels/Ole.O.euroX400wF(4263)(0)C-1.png,equatorial_circular,0.9108712
BD/BI_Cr_5/images_unlabels/unlabels/Ole.O.euroX400wF(4263)(0)C-100.png,equatorial_circular,0.63076663
BD/BI_Cr_5/images_unlabels/unlabels/Ole.O.euroX400wF(4263)(0)C-103.png,equatorial_circular,0.5082124
BD/BI_Cr_5/images_unlabels/unlabels/Ole.O.euroX400wF(4263)(0)C-104.png,equatorial_circular,0.94872326
BD/BI_Cr_5/images_unlabels/unlabels/Ole.O.euroX400wF(4263)(0)C-108.png,equatorial_circular,0.6920047
BD/BI_Cr_5/images_unlabels/unlabels/Ole.O.euroX400wF(4263)(0)C-116.png,equatorial_circular,0.8202926
BD/BI_Cr_5/images_unlabels/unlabels/Ole.O.euroX400wF(4263)(0)C-118.png,polar_triangular,0.65326494
BD/BI_Cr_5/images_unlabels/unlabels/Ole.O.euroX400wF(4263)(0)C-120.png,polar_triangular,0.5320797
BD/BI_Cr_5/images_unlabels/unlabels/Ole.O.euroX400wF(4263)(0)C-125.png,equatorial_circular,0.9289281
BD/BI_Cr_5/images_unlabels/unlabels/Ole.O.euroX400wF(4263)(0)C-128.png,equatorial_circular,0.719872
BD/BI_Cr_5/images_unlabels/unlabels/Ole.O.euroX400wF(4263)(0)C-130.png,polar_triangular,0.6012222
BD/BI_Cr_5/images_unlabels/unlabels/Ole.O.euroX400wF(4263)(0)C-131.png,equatorial_circular,0.9374818
BD/BI_Cr_5/images_unlabels/unlabels/Ole.O.euroX400wF(4263)(0)C-132.png,polar_triangular,0.5792106
BD/BI_Cr_5/images_unlabels/unlabels/Ole.O.euroX400wF(4263)(0)C-135.png,equatorial_circular,0.9392779
BD/BI_Cr_5/images_unlabels/unlabels/Ole.O.euroX400wF(4263)(0)C-138.png,polar_triangular,0.849251
BD/BI_Cr_5/images_unlabels/unlabels/Ole.O.euroX400wF(4263)(0)C-143.png,equatorial_circular,0.8376314
BD/BI_Cr_5/images_unlabels/unlabels/Ole.O.euroX400wF(4263)(0)C-147.png,equatorial_alongada,0.44521064
BD/BI_Cr_5/images_unlabels/unlabels/Ole.O.euroX400wF(4263)(0)C-154.png,polar_triangular,0.74400955
BD/BI_Cr_5/images_unlabels/unlabels/Ole.O.euroX400wF(4263)(0)C-157.png,equatorial_circular,0.6849914
BD/BI_Cr_5/images_unlabels/unlabels/Ole.O.euroX400wF(4263)(0)C-165.png,equatorial_eliptica,0.5692136
BD/BI_Cr_5/images_unlabels/unlabels/Ole.O.euroX400wF(4263)(0)C-166.png,equatorial_circular,0.89289904
BD/BI_Cr_5/images_unlabels/unlabels/Ole.O.euroX400wF(4263)(0)C-172.png,equatorial_circular,0.78209394
BD/BI_Cr_5/images_unlabels/unlabels/Ole.O.euroX400wF(4263)(0)C-176.png,equatorial_circular,0.85567665
BD/BI_Cr_5/images_unlabels/unlabels/Ole.O.euroX400wF(4263)(0)C-177.png,equatorial_circular,0.8180983
BD/BI_Cr_5/images_unlabels/unlabels/Ole.O.euroX400wF(4263)(0)C-179.png,equatorial_circular,0.89492166
BD/BI_Cr_5/images_unlabels/unlabels/Ole.O.euroX400wF(4263)(0)C-181.png,equatorial_alongada,0.7598214
BD/BI_Cr_5/images_unlabels/unlabels/Ole.O.euroX400wF(4263)(0)C-182.png,polar_triangular,0.7764495
BD/BI_Cr_5/images_unlabels/unlabels/Ole.O.euroX400wF(4263)(0)C-185.png,equatorial_circular,0.9353834
BD/BI_Cr_5/images_unlabels/unlabels/Ole.O.euroX400wF(4263)(0)C-188.png,polar_triangular,0.8201453
BD/BI_Cr_5/images_unlabels/unlabels/Ole.O.euroX400wF(4263)(0)C-194.png,equatorial_circular,0.9265257
BD/BI_Cr_5/images_unlabels/unlabels/Ole.O.euroX400wF(4263)(0)C-23.png,equatorial_circular,0.7759162
BD/BI_Cr_5/images_unlabels/unlabels/Ole.O.euroX400wF(4263)(0)C-24.png,equatorial_circular,0.91845405
BD/BI_Cr_5/images_unlabels/unlabels/Ole.O.euroX400wF(4263)(0)C-27.png,equatorial_circular,0.6719133
BD/BI_Cr_5/images_unlabels/unlabels/Ole.O.euroX400wF(4263)(0)C-36.png,equatorial_circular,0.93821
BD/BI_Cr_5/images_unlabels/unlabels/Ole.O.euroX400wF(4263)(0)C-43.png,equatorial_circular,0.8795037
BD/BI_Cr_5/images_unlabels/unlabels/Ole.O.euroX400wF(4263)(0)C-57.png,equatorial_circular,0.8320399
BD/BI_Cr_5/images_unlabels/unlabels/Ole.O.euroX400wF(4263)(0)C-59.png,polar_triangular,0.89058584
BD/BI_Cr_5/images_unlabels/unlabels/Ole.O.euroX400wF(4263)(0)C-62.png,equatorial_circular,0.8332669
BD/BI_Cr_5/images_unlabels/unlabels/Ole.O.euroX400wF(4263)(0)C-70.png,equatorial_circular,0.86363083
BD/BI_Cr_5/images_unlabels/unlabels/Ole.O.euroX400wF(4263)(0)C-82.png,polar_triangular,0.8159253
BD/BI_Cr_5/images_unlabels/unlabels/Ole.O.euroX400wF(4263)(0)C-86.png,equatorial_circular,0.6963719
BD/BI_Cr_5/images_unlabels/unlabels/Ole.O.euroX400wF(4263)(0)C-9.png,equatorial_circular,0.88635564
BD/BI_Cr_5/images_unlabels/unlabels/Ole.O.euroX400wF(4263)(0)C-91.png,equatorial_circular,0.9217331
BD/BI_Cr_5/images_unlabels/unlabels/Ole.O.euroX400wF(4263)(0)C-93.png,equatorial_circular,0.68352014
BD/BI_Cr_5/images_unlabels/unlabels/Ole.O.euroX400wF(4264)(0)D-103.png,polar_triangular,0.54851705
BD/BI_Cr_5/images_unlabels/unlabels/Ole.O.euroX400wF(4264)(0)D-104.png,equatorial_circular,0.936641
BD/BI_Cr_5/images_unlabels/unlabels/Ole.O.euroX400wF(4264)(0)D-110.png,equatorial_circular,0.93818617
BD/BI_Cr_5/images_unlabels/unlabels/Ole.O.euroX400wF(4264)(0)D-126.png,equatorial_circular,0.9319868
BD/BI_Cr_5/images_unlabels/unlabels/Ole.O.euroX400wF(4264)(0)D-128.png,equatorial_circular,0.9453881
BD/BI_Cr_5/images_unlabels/unlabels/Ole.O.euroX400wF(4264)(0)D-132.png,polar_triangular,0.66497165
BD/BI_Cr_5/images_unlabels/unlabels/Ole.O.euroX400wF(4264)(0)D-139.png,polar_triangular,0.87302953
BD/BI_Cr_5/images_unlabels/unlabels/Ole.O.euroX400wF(4264)(0)D-14.png,polar_triangular,0.7386525
BD/BI_Cr_5/images_unlabels/unlabels/Ole.O.euroX400wF(4264)(0)D-140.png,equatorial_circular,0.86637414
BD/BI_Cr_5/images_unlabels/unlabels/Ole.O.euroX400wF(4264)(0)D-162.png,equatorial_circular,0.8587846
BD/BI_Cr_5/images_unlabels/unlabels/Ole.O.euroX400wF(4264)(0)D-17.png,equatorial_circular,0.732079
BD/BI_Cr_5/images_unlabels/unlabels/Ole.O.euroX400wF(4264)(0)D-18.png,equatorial_circular,0.67394435
BD/BI_Cr_5/images_unlabels/unlabels/Ole.O.euroX400wF(4264)(0)D-19.png,polar_triangular,0.6338776
BD/BI_Cr_5/images_unlabels/unlabels/Ole.O.euroX400wF(4264)(0)D-21.png,equatorial_circular,0.7780752
BD/BI_Cr_5/images_unlabels/unlabels/Ole.O.euroX400wF(4264)(0)D-30.png,equatorial_circular,0.70865357
BD/BI_Cr_5/images_unlabels/unlabels/Ole.O.euroX400wF(4264)(0)D-36.png,equatorial_circular,0.8957298
BD/BI_Cr_5/images_unlabels/unlabels/Ole.O.euroX400wF(4264)(0)D-37.png,equatorial_circular,0.93838876
BD/BI_Cr_5/images_unlabels/unlabels/Ole.O.euroX400wF(4264)(0)D-44.png,equatorial_circular,0.935549
BD/BI_Cr_5/images_unlabels/unlabels/Ole.O.euroX400wF(4264)(0)D-45.png,equatorial_circular,0.8003258
BD/BI_Cr_5/images_unlabels/unlabels/Ole.O.euroX400wF(4264)(0)D-47.png,equatorial_circular,0.92828006
BD/BI_Cr_5/images_unlabels/unlabels/Ole.O.euroX400wF(4264)(0)D-5.png,polar_triangular,0.8774175
BD/BI_Cr_5/images_unlabels/unlabels/Ole.O.euroX400wF(4264)(0)D-54.png,equatorial_circular,0.9398757
BD/BI_Cr_5/images_unlabels/unlabels/Ole.O.euroX400wF(4264)(0)D-67.png,polar_triangular,0.7228828
BD/BI_Cr_5/images_unlabels/unlabels/Ole.O.euroX400wF(4264)(0)D-73.png,equatorial_circular,0.9174752
BD/BI_Cr_5/images_unlabels/unlabels/Ole.O.euroX400wF(4264)(0)D-8.png,equatorial_circular,0.9433112
BD/BI_Cr_5/images_unlabels/unlabels/Ole.O.euroX400wF(4265)(0)E-102.png,equatorial_eliptica,0.7515207
BD/BI_Cr_5/images_unlabels/unlabels/Ole.O.euroX400wF(4265)(0)E-104.png,polar_triangular,0.84008807
BD/BI_Cr_5/images_unlabels/unlabels/Ole.O.euroX400wF(4265)(0)E-110.png,equatorial_eliptica,0.6789529
BD/BI_Cr_5/images_unlabels/unlabels/Ole.O.euroX400wF(4265)(0)E-116.png,equatorial_eliptica,0.50811386
BD/BI_Cr_5/images_unlabels/unlabels/Ole.O.euroX400wF(4265)(0)E-117.png,polar_triangular,0.902506
BD/BI_Cr_5/images_unlabels/unlabels/Ole.O.euroX400wF(4265)(0)E-118.png,equatorial_eliptica,0.8759449
BD/BI_Cr_5/images_unlabels/unlabels/Ole.O.euroX400wF(4265)(0)E-122.png,equatorial_circular,0.9315035
BD/BI_Cr_5/images_unlabels/unlabels/Ole.O.euroX400wF(4265)(0)E-125.png,equatorial_circular,0.7785627
BD/BI_Cr_5/images_unlabels/unlabels/Ole.O.euroX400wF(4265)(0)E-127.png,equatorial_circular,0.81292176
BD/BI_Cr_5/images_unlabels/unlabels/Ole.O.euroX400wF(4265)(0)E-131.png,equatorial_circular,0.9347102
BD/BI_Cr_5/images_unlabels/unlabels/Ole.O.euroX400wF(4265)(0)E-134.png,equatorial_circular,0.9240928
BD/BI_Cr_5/images_unlabels/unlabels/Ole.O.euroX400wF(4265)(0)E-135.png,equatorial_alongada,0.7159209
BD/BI_Cr_5/images_unlabels/unlabels/Ole.O.euroX400wF(4265)(0)E-138.png,equatorial_circular,0.6241497
BD/BI_Cr_5/images_unlabels/unlabels/Ole.O.euroX400wF(4265)(0)E-139.png,equatorial_circular,0.844179
BD/BI_Cr_5/images_unlabels/unlabels/Ole.O.euroX400wF(4265)(0)E-140.png,polar_triangular,0.69892144
BD/BI_Cr_5/images_unlabels/unlabels/Ole.O.euroX400wF(4265)(0)E-141.png,equatorial_circular,0.8983189
BD/BI_Cr_5/images_unlabels/unlabels/Ole.O.euroX400wF(4265)(0)E-144.png,equatorial_circular,0.933052
BD/BI_Cr_5/images_unlabels/unlabels/Ole.O.euroX400wF(4265)(0)E-148.png,equatorial_eliptica,0.5939346
BD/BI_Cr_5/images_unlabels/unlabels/Ole.O.euroX400wF(4265)(0)E-153.png,equatorial_circular,0.8844117
BD/BI_Cr_5/images_unlabels/unlabels/Ole.O.euroX400wF(4265)(0)E-154.png,equatorial_circular,0.9238536
BD/BI_Cr_5/images_unlabels/unlabels/Ole.O.euroX400wF(4265)(0)E-155.png,equatorial_circular,0.68849266
BD/BI_Cr_5/images_unlabels/unlabels/Ole.O.euroX400wF(4265)(0)E-156.png,equatorial_circular,0.6484723
BD/BI_Cr_5/images_unlabels/unlabels/Ole.O.euroX400wF(4265)(0)E-159.png,equatorial_circular,0.8120563
BD/BI_Cr_5/images_unlabels/unlabels/Ole.O.euroX400wF(4265)(0)E-160.png,polar_triangular,0.6455876
BD/BI_Cr_5/images_unlabels/unlabels/Ole.O.euroX400wF(4265)(0)E-162.png,equatorial_circular,0.51633227
BD/BI_Cr_5/images_unlabels/unlabels/Ole.O.euroX400wF(4265)(0)E-164.png,equatorial_circular,0.91950417
BD/BI_Cr_5/images_unlabels/unlabels/Ole.O.euroX400wF(4265)(0)E-165.png,equatorial_circular,0.5987629
BD/BI_Cr_5/images_unlabels/unlabels/Ole.O.euroX400wF(4265)(0)E-168.png,polar_triangular,0.48158628
BD/BI_Cr_5/images_unlabels/unlabels/Ole.O.euroX400wF(4265)(0)E-169.png,equatorial_circular,0.71044254
BD/BI_Cr_5/images_unlabels/unlabels/Ole.O.euroX400wF(4265)(0)E-171.png,equatorial_eliptica,0.5885725
BD/BI_Cr_5/images_unlabels/unlabels/Ole.O.euroX400wF(4265)(0)E-172.png,equatorial_circular,0.56801164
BD/BI_Cr_5/images_unlabels/unlabels/Ole.O.euroX400wF(4265)(0)E-177.png,equatorial_circular,0.9256531
BD/BI_Cr_5/images_unlabels/unlabels/Ole.O.euroX400wF(4265)(0)E-178.png,equatorial_circular,0.7754654
BD/BI_Cr_5/images_unlabels/unlabels/Ole.O.euroX400wF(4265)(0)E-179.png,polar_triangular,0.8197394
BD/BI_Cr_5/images_unlabels/unlabels/Ole.O.euroX400wF(4265)(0)E-180.png,equatorial_eliptica,0.5360716
BD/BI_Cr_5/images_unlabels/unlabels/Ole.O.euroX400wF(4265)(0)E-184.png,equatorial_circular,0.9408698
BD/BI_Cr_5/images_unlabels/unlabels/Ole.O.euroX400wF(4265)(0)E-185.png,equatorial_circular,0.7031145
BD/BI_Cr_5/images_unlabels/unlabels/Ole.O.euroX400wF(4265)(0)E-189.png,polar_triangular,0.80249125
BD/BI_Cr_5/images_unlabels/unlabels/Ole.O.euroX400wF(4265)(0)E-19.png,equatorial_circular,0.9383669
BD/BI_Cr_5/images_unlabels/unlabels/Ole.O.euroX400wF(4265)(0)E-191.png,equatorial_circular,0.9067146
BD/BI_Cr_5/images_unlabels/unlabels/Ole.O.euroX400wF(4265)(0)E-192.png,equatorial_circular,0.5901524
BD/BI_Cr_5/images_unlabels/unlabels/Ole.O.euroX400wF(4265)(0)E-194.png,equatorial_circular,0.8460105
BD/BI_Cr_5/images_unlabels/unlabels/Ole.O.euroX400wF(4265)(0)E-195.png,equatorial_circular,0.66173667
BD/BI_Cr_5/images_unlabels/unlabels/Ole.O.euroX400wF(4265)(0)E-196.png,equatorial_circular,0.7511396
BD/BI_Cr_5/images_unlabels/unlabels/Ole.O.euroX400wF(4265)(0)E-197.png,equatorial_eliptica,0.69834566
BD/BI_Cr_5/images_unlabels/unlabels/Ole.O.euroX400wF(4265)(0)E-2.png,equatorial_circular,0.78198946
BD/BI_Cr_5/images_unlabels/unlabels/Ole.O.euroX400wF(4265)(0)E-20.png,equatorial_circular,0.9297397
BD/BI_Cr_5/images_unlabels/unlabels/Ole.O.euroX400wF(4265)(0)E-200.png,equatorial_circular,0.8308658
BD/BI_Cr_5/images_unlabels/unlabels/Ole.O.euroX400wF(4265)(0)E-204.png,equatorial_circular,0.5137856
BD/BI_Cr_5/images_unlabels/unlabels/Ole.O.euroX400wF(4265)(0)E-205.png,equatorial_circular,0.6367573
BD/BI_Cr_5/images_unlabels/unlabels/Ole.O.euroX400wF(4265)(0)E-206.png,polar_triangular,0.6211064
BD/BI_Cr_5/images_unlabels/unlabels/Ole.O.euroX400wF(4265)(0)E-207.png,equatorial_circular,0.75892997
BD/BI_Cr_5/images_unlabels/unlabels/Ole.O.euroX400wF(4265)(0)E-21.png,equatorial_circular,0.9488186
BD/BI_Cr_5/images_unlabels/unlabels/Ole.O.euroX400wF(4265)(0)E-211.png,equatorial_circular,0.45949396
BD/BI_Cr_5/images_unlabels/unlabels/Ole.O.euroX400wF(4265)(0)E-212.png,equatorial_eliptica,0.5933153
BD/BI_Cr_5/images_unlabels/unlabels/Ole.O.euroX400wF(4265)(0)E-213.png,equatorial_circular,0.9429635
BD/BI_Cr_5/images_unlabels/unlabels/Ole.O.euroX400wF(4265)(0)E-214.png,equatorial_circular,0.7037529
BD/BI_Cr_5/images_unlabels/unlabels/Ole.O.euroX400wF(4265)(0)E-216.png,equatorial_circular,0.9383242
BD/BI_Cr_5/images_unlabels/unlabels/Ole.O.euroX400wF(4265)(0)E-221.png,polar_triangular,0.5247706
BD/BI_Cr_5/images_unlabels/unlabels/Ole.O.euroX400wF(4265)(0)E-222.png,polar_triangular,0.3763748
BD/BI_Cr_5/images_unlabels/unlabels/Ole.O.euroX400wF(4265)(0)E-25.png,equatorial_eliptica,0.50520796
BD/BI_Cr_5/images_unlabels/unlabels/Ole.O.euroX400wF(4265)(0)E-27.png,polar_triangular,0.6180134
BD/BI_Cr_5/images_unlabels/unlabels/Ole.O.euroX400wF(4265)(0)E-38.png,polar_triangular,0.7410924
BD/BI_Cr_5/images_unlabels/unlabels/Ole.O.euroX400wF(4265)(0)E-54.png,equatorial_circular,0.5580737
BD/BI_Cr_5/images_unlabels/unlabels/Ole.O.euroX400wF(4265)(0)E-55.png,equatorial_circular,0.9395304
BD/BI_Cr_5/images_unlabels/unlabels/Ole.O.euroX400wF(4265)(0)E-56.png,equatorial_circular,0.6339056
BD/BI_Cr_5/images_unlabels/unlabels/Ole.O.euroX400wF(4265)(0)E-57.png,equatorial_circular,0.7802255
BD/BI_Cr_5/images_unlabels/unlabels/Ole.O.euroX400wF(4265)(0)E-59.png,equatorial_circular,0.8483208
BD/BI_Cr_5/images_unlabels/unlabels/Ole.O.euroX400wF(4265)(0)E-60.png,equatorial_eliptica,0.48510963
BD/BI_Cr_5/images_unlabels/unlabels/Ole.O.euroX400wF(4265)(0)E-62.png,equatorial_circular,0.86047095
BD/BI_Cr_5/images_unlabels/unlabels/Ole.O.euroX400wF(4265)(0)E-65.png,equatorial_circular,0.6266813
BD/BI_Cr_5/images_unlabels/unlabels/Ole.O.euroX400wF(4265)(0)E-68.png,equatorial_circular,0.7477513
BD/BI_Cr_5/images_unlabels/unlabels/Ole.O.euroX400wF(4265)(0)E-69.png,equatorial_eliptica,0.93470675
BD/BI_Cr_5/images_unlabels/unlabels/Ole.O.euroX400wF(4265)(0)E-7.png,equatorial_circular,0.90274286
BD/BI_Cr_5/images_unlabels/unlabels/Ole.O.euroX400wF(4265)(0)E-70.png,equatorial_eliptica,0.5525559
BD/BI_Cr_5/images_unlabels/unlabels/Ole.O.euroX400wF(4265)(0)E-71.png,equatorial_eliptica,0.6254811
BD/BI_Cr_5/images_unlabels/unlabels/Ole.O.euroX400wF(4265)(0)E-78.png,equatorial_eliptica,0.9187999
BD/BI_Cr_5/images_unlabels/unlabels/Ole.O.euroX400wF(4265)(0)E-81.png,equatorial_eliptica,0.48403236
BD/BI_Cr_5/images_unlabels/unlabels/Ole.O.euroX400wF(4265)(0)E-84.png,equatorial_eliptica,0.54310185
BD/BI_Cr_5/images_unlabels/unlabels/Ole.O.euroX400wF(4265)(0)E-85.png,equatorial_eliptica,0.8880877
BD/BI_Cr_5/images_unlabels/unlabels/Ole.O.euroX400wF(4265)(0)E-87.png,equatorial_circular,0.9387878
BD/BI_Cr_5/images_unlabels/unlabels/Ole.O.euroX400wF(4265)(0)E-88.png,equatorial_eliptica,0.65470845
BD/BI_Cr_5/images_unlabels/unlabels/Ole.O.euroX400wF(4265)(0)E-89.png,equatorial_eliptica,0.5188148
BD/BI_Cr_5/images_unlabels/unlabels/Ole.O.euroX400wF(4265)(0)E-91.png,polar_triangular,0.36448613
BD/BI_Cr_5/images_unlabels/unlabels/Ole.O.euroX400wF(4265)(0)E-93.png,equatorial_eliptica,0.76074
BD/BI_Cr_5/images_unlabels/unlabels/Ole.O.euroX400wF(4265)(0)E-96.png,equatorial_eliptica,0.59371287
BD/BI_Cr_5/images_unlabels/unlabels/Ole.O.euroX400wF(4265)(0)E-99.png,equatorial_circular,0.5344116
BD/BI_Cr_5/images_unlabels/unlabels/Ole.O.euroX400wF(4266)(0)F-107.png,equatorial_circular,0.7749014
BD/BI_Cr_5/images_unlabels/unlabels/Ole.O.euroX400wF(4266)(0)F-110.png,equatorial_eliptica,0.5409318
BD/BI_Cr_5/images_unlabels/unlabels/Ole.O.euroX400wF(4266)(0)F-112.png,equatorial_circular,0.50181437
BD/BI_Cr_5/images_unlabels/unlabels/Ole.O.euroX400wF(4266)(0)F-121.png,equatorial_circular,0.7891974
BD/BI_Cr_5/images_unlabels/unlabels/Ole.O.euroX400wF(4266)(0)F-13.png,equatorial_circular,0.8661998
BD/BI_Cr_5/images_unlabels/unlabels/Ole.O.euroX400wF(4266)(0)F-134.png,equatorial_circular,0.6547536
BD/BI_Cr_5/images_unlabels/unlabels/Ole.O.euroX400wF(4266)(0)F-136.png,equatorial_circular,0.85752827
BD/BI_Cr_5/images_unlabels/unlabels/Ole.O.euroX400wF(4266)(0)F-142.png,equatorial_circular,0.51199883
BD/BI_Cr_5/images_unlabels/unlabels/Ole.O.euroX400wF(4266)(0)F-147.png,equatorial_circular,0.8700306
BD/BI_Cr_5/images_unlabels/unlabels/Ole.O.euroX400wF(4266)(0)F-15.png,equatorial_eliptica,0.65143573
BD/BI_Cr_5/images_unlabels/unlabels/Ole.O.euroX400wF(4266)(0)F-151.png,equatorial_circular,0.7882541
BD/BI_Cr_5/images_unlabels/unlabels/Ole.O.euroX400wF(4266)(0)F-16.png,equatorial_eliptica,0.929244
BD/BI_Cr_5/images_unlabels/unlabels/Ole.O.euroX400wF(4266)(0)F-17.png,equatorial_eliptica,0.831029
BD/BI_Cr_5/images_unlabels/unlabels/Ole.O.euroX400wF(4266)(0)F-19.png,equatorial_circular,0.6144378
BD/BI_Cr_5/images_unlabels/unlabels/Ole.O.euroX400wF(4266)(0)F-21.png,equatorial_circular,0.6921904
BD/BI_Cr_5/images_unlabels/unlabels/Ole.O.euroX400wF(4266)(0)F-22.png,equatorial_circular,0.7129701
BD/BI_Cr_5/images_unlabels/unlabels/Ole.O.euroX400wF(4266)(0)F-23.png,equatorial_circular,0.5500418
BD/BI_Cr_5/images_unlabels/unlabels/Ole.O.euroX400wF(4266)(0)F-3.png,equatorial_circular,0.9443736
BD/BI_Cr_5/images_unlabels/unlabels/Ole.O.euroX400wF(4266)(0)F-34.png,equatorial_eliptica,0.82079905
BD/BI_Cr_5/images_unlabels/unlabels/Ole.O.euroX400wF(4266)(0)F-37.png,equatorial_circular,0.81764257
BD/BI_Cr_5/images_unlabels/unlabels/Ole.O.euroX400wF(4266)(0)F-47.png,equatorial_circular,0.5996476
BD/BI_Cr_5/images_unlabels/unlabels/Ole.O.euroX400wF(4266)(0)F-48.png,equatorial_circular,0.6344309
BD/BI_Cr_5/images_unlabels/unlabels/Ole.O.euroX400wF(4266)(0)F-52.png,equatorial_circular,0.5525615
BD/BI_Cr_5/images_unlabels/unlabels/Ole.O.euroX400wF(4266)(0)F-53.png,equatorial_circular,0.6515377
BD/BI_Cr_5/images_unlabels/unlabels/Ole.O.euroX400wF(4266)(0)F-57.png,equatorial_circular,0.91353357
BD/BI_Cr_5/images_unlabels/unlabels/Ole.O.euroX400wF(4266)(0)F-58.png,polar_triangular,0.31133232
BD/BI_Cr_5/images_unlabels/unlabels/Ole.O.euroX400wF(4266)(0)F-59.png,polar_triangular,0.84339786
BD/BI_Cr_5/images_unlabels/unlabels/Ole.O.euroX400wF(4266)(0)F-61.png,polar_tricircular,0.6008495
BD/BI_Cr_5/images_unlabels/unlabels/Ole.O.euroX400wF(4266)(0)F-62.png,equatorial_circular,0.8432286
BD/BI_Cr_5/images_unlabels/unlabels/Ole.O.euroX400wF(4266)(0)F-64.png,equatorial_circular,0.7200664
BD/BI_Cr_5/images_unlabels/unlabels/Ole.O.euroX400wF(4266)(0)F-69.png,equatorial_circular,0.62455666
BD/BI_Cr_5/images_unlabels/unlabels/Ole.O.euroX400wF(4266)(0)F-7.png,polar_triangular,0.534133
BD/BI_Cr_5/images_unlabels/unlabels/Ole.O.euroX400wF(4266)(0)F-74.png,polar_triangular,0.6169739
BD/BI_Cr_5/images_unlabels/unlabels/Ole.O.euroX400wF(4266)(0)F-76.png,equatorial_circular,0.9279713
BD/BI_Cr_5/images_unlabels/unlabels/Ole.O.euroX400wF(4266)(0)F-81.png,polar_triangular,0.7573942
BD/BI_Cr_5/images_unlabels/unlabels/Ole.O.euroX400wF(4266)(0)F-87.png,equatorial_circular,0.9111208
BD/BI_Cr_5/images_unlabels/unlabels/Ole.O.euroX400wF(4266)(0)F-89.png,equatorial_circular,0.7505283
BD/BI_Cr_5/images_unlabels/unlabels/Ole.O.euroX400wF(4266)(0)F-98.png,equatorial_circular,0.58945817
BD/BI_Cr_5/images_unlabels/unlabels/Ole.O.euroX400wF(4267)(0)G-1.png,polar_triangular,0.9076099
BD/BI_Cr_5/images_unlabels/unlabels/Ole.O.euroX400wF(4267)(0)G-24.png,equatorial_circular,0.4946237
BD/BI_Cr_5/images_unlabels/unlabels/Ole.O.euroX400wF(4267)(0)G-3.png,equatorial_circular,0.7170437
BD/BI_Cr_5/images_unlabels/unlabels/Ole.O.euroX400wF(4267)(0)G-35.png,equatorial_circular,0.8556207
BD/BI_Cr_5/images_unlabels/unlabels/Ole.O.euroX400wF(4267)(0)G-48.png,equatorial_circular,0.8280194
BD/BI_Cr_5/images_unlabels/unlabels/Ole.O.euroX400wF(4267)(0)G-50.png,equatorial_circular,0.8094541
BD/BI_Cr_5/images_unlabels/unlabels/Ole.O.euroX400wF(4267)(0)G-55.png,equatorial_circular,0.51744807
BD/BI_Cr_5/images_unlabels/unlabels/Oxa.O.pes.cX400wF(1733)(0)A-10.png,polar_circular,0.6060994
BD/BI_Cr_5/images_unlabels/unlabels/Oxa.O.pes.cX400wF(1734)(0)B-3.png,polar_circular,0.6033458
BD/BI_Cr_5/images_unlabels/unlabels/Oxa.O.pes.cX400wF(1735)(0)C-10.png,polar_circular,0.7213854
BD/BI_Cr_5/images_unlabels/unlabels/Oxa.O.pes.cX400wF(1736)(0)D-1.png,equatorial_circular,0.7524607
BD/BI_Cr_5/images_unlabels/unlabels/Oxa.O.pes.cX400wF(1736)(0)D-2.png,equatorial_circular,0.45575157
BD/BI_Cr_5/images_unlabels/unlabels/Oxa.O.pes.cX400wF(1738)(0)F-1.png,polar_circular,0.8713567
BD/BI_Cr_5/images_unlabels/unlabels/Oxa.O.pes.cX400wF(1738)(0)F-11.png,polar_circular,0.9107116
BD/BI_Cr_5/images_unlabels/unlabels/Oxa.O.pes.cX400wF(1738)(0)F-2.png,polar_circular,0.5474713
BD/BI_Cr_5/images_unlabels/unlabels/Oxa.O.pes.cX400wF(1738)(0)F-5.png,polar_circular,0.91153353
BD/BI_Cr_5/images_unlabels/unlabels/Oxa.O.pes.cX400wF(1739)(0)G-2.png,polar_circular,0.6981473
BD/BI_Cr_5/images_unlabels/unlabels/Oxa.O.pes.cX400wF(1739)(0)G-3.png,equatorial_eliptica,0.81572086
BD/BI_Cr_5/images_unlabels/unlabels/Oxa.O.pes.cX400wF(1739)(0)G-4.png,equatorial_circular,0.5298623
BD/BI_Cr_5/images_unlabels/unlabels/Oxa.O.pes.cX400wF(1740)(0)H-6.png,polar_circular,0.90029573
BD/BI_Cr_5/images_unlabels/unlabels/Oxa.O.pes.cX400wF(1740)(0)H-8.png,polar_circular,0.81713825
BD/BI_Cr_5/images_unlabels/unlabels/Oxa.O.pes.cX400wF(1741)(0)I-11.png,equatorial_circular,0.6177046
BD/BI_Cr_5/images_unlabels/unlabels/Oxa.O.pes.cX400wF(1741)(0)I-13.png,polar_circular,0.7481525
BD/BI_Cr_5/images_unlabels/unlabels/Oxa.O.pes.cX400wF(1741)(0)I-6.png,polar_circular,0.9066949
BD/BI_Cr_5/images_unlabels/unlabels/Oxa.O.pes.cX400wF(1741)(0)I-7.png,polar_circular,0.6546404
BD/BI_Cr_5/images_unlabels/unlabels/Oxa.O.pes.cX400wF(1741)(0)I-8.png,polar_circular,0.93200415
BD/BI_Cr_5/images_unlabels/unlabels/Oxa.O.pes.cX400wF(1741)(0)I-9.png,polar_circular,0.8151539
BD/BI_Cr_5/images_unlabels/unlabels/Oxa.O.pes.cX400wF(1743)(0)K-10.png,polar_circular,0.93844324
BD/BI_Cr_5/images_unlabels/unlabels/Oxa.O.pes.cX400wF(1743)(0)K-11.png,polar_circular,0.8515448
BD/BI_Cr_5/images_unlabels/unlabels/Oxa.O.pes.cX400wF(1743)(0)K-14.png,equatorial_eliptica,0.6428957
BD/BI_Cr_5/images_unlabels/unlabels/Oxa.O.pes.cX400wF(1743)(0)K-15.png,polar_circular,0.79965156
BD/BI_Cr_5/images_unlabels/unlabels/Oxa.O.pes.cX400wF(1743)(0)K-2.png,polar_circular,0.5915032
BD/BI_Cr_5/images_unlabels/unlabels/Oxa.O.pes.cX400wF(1743)(0)K-24.png,polar_circular,0.8744507
BD/BI_Cr_5/images_unlabels/unlabels/Oxa.O.pes.cX400wF(1743)(0)K-9.png,polar_circular,0.91713095
BD/BI_Cr_5/images_unlabels/unlabels/Pin.P.brutX400wF(3171)(0)A-2.png,polar_circular,0.9180171
BD/BI_Cr_5/images_unlabels/unlabels/Pin.P.brutX400wF(3171)(0)A-3.png,polar_circular,0.7666237
BD/BI_Cr_5/images_unlabels/unlabels/Pin.P.brutX400wF(3171)(0)A-4.png,polar_circular,0.9226139
BD/BI_Cr_5/images_unlabels/unlabels/Pin.P.brutX400wF(3174)(0)D-1.png,polar_circular,0.92914057
BD/BI_Cr_5/images_unlabels/unlabels/Pin.P.brutX400wF(3175)(0)E-1.png,polar_circular,0.92302406
BD/BI_Cr_5/images_unlabels/unlabels/Vit.V.viniX400wF(4978)(0)A-23.png,equatorial_circular,0.75302905
BD/BI_Cr_5/images_unlabels/unlabels/Vit.V.viniX400wF(4979)(0)B-16.png,equatorial_alongada,0.9000455
BD/BI_Cr_5/images_unlabels/unlabels/Vit.V.viniX400wF(4979)(0)B-18.png,equatorial_circular,0.69610006
BD/BI_Cr_5/images_unlabels/unlabels/Vit.V.viniX400wF(4980)(0)C-14.png,equatorial_circular,0.71991575
BD/BI_Cr_5/images_unlabels/unlabels/Vit.V.viniX400wF(4980)(0)C-15.png,equatorial_circular,0.63721025
BD/BI_Cr_5/images_unlabels/unlabels/Vit.V.viniX400wF(4980)(0)C-2.png,equatorial_circular,0.80946094
BD/BI_Cr_5/images_unlabels/unlabels/Vit.V.viniX400wF(4980)(0)C-24.png,equatorial_circular,0.90999347
BD/BI_Cr_5/images_unlabels/unlabels/Vit.V.viniX400wF(4981)(0)D-12.png,equatorial_alongada,0.70355856
BD/BI_Cr_5/images_unlabels/unlabels/Vit.V.viniX400wF(4981)(0)D-17.png,equatorial_circular,0.69236153
BD/BI_Cr_5/images_unlabels/unlabels/Vit.V.viniX400wF(4981)(0)D-21.png,equatorial_circular,0.926473
BD/BI_Cr_5/images_unlabels/unlabels/Vit.V.viniX400wF(4981)(0)D-25.png,polar_triangular,0.6786495
BD/BI_Cr_5/images_unlabels/unlabels/Vit.V.viniX400wF(4981)(0)D-27.png,equatorial_circular,0.91698897
BD/BI_Cr_5/images_unlabels/unlabels/Vit.V.viniX400wF(4981)(0)D-28.png,equatorial_circular,0.7302811
BD/BI_Cr_5/images_unlabels/unlabels/Vit.V.viniX400wF(4981)(0)D-33.png,polar_triangular,0.86154115
BD/BI_Cr_5/images_unlabels/unlabels/Vit.V.viniX400wF(4981)(0)D-34.png,equatorial_circular,0.94502604
BD/BI_Cr_5/images_unlabels/unlabels/Vit.V.viniX400wF(4981)(0)D-38.png,equatorial_alongada,0.36499745
BD/BI_Cr_5/images_unlabels/unlabels/Vit.V.viniX400wF(4981)(0)D-4.png,equatorial_circular,0.889909
BD/BI_Cr_5/images_unlabels/unlabels/Vit.V.viniX400wF(4981)(0)D-5.png,equatorial_circular,0.63926625
BD/BI_Cr_5/images_unlabels/unlabels/Vit.V.viniX400wF(4982)(0)E-17.png,equatorial_circular,0.81684184
BD/BI_Cr_5/images_unlabels/unlabels/Vit.V.viniX400wF(4982)(0)E-22.png,equatorial_circular,0.9456139
BD/BI_Cr_5/images_unlabels/unlabels/Vit.V.viniX400wF(4982)(0)E-3.png,equatorial_circular,0.877243
BD/BI_Cr_5/images_unlabels/unlabels/Vit.V.viniX400wF(4982)(0)E-30.png,equatorial_circular,0.47236595
BD/BI_Cr_5/images_unlabels/unlabels/Vit.V.viniX400wF(4982)(0)E-39.png,equatorial_circular,0.91583467
BD/BI_Cr_5/images_unlabels/unlabels/Vit.V.viniX400wF(4982)(0)E-43.png,equatorial_circular,0.9076973
BD/BI_Cr_5/images_unlabels/unlabels/Vit.V.viniX400wF(4982)(0)E-45.png,equatorial_circular,0.66539156
BD/BI_Cr_5/images_unlabels/unlabels/Vit.V.viniX400wF(4983)(0)F-13.png,polar_triangular,0.7800839
BD/BI_Cr_5/images_unlabels/unlabels/Vit.V.viniX400wF(4983)(0)F-15.png,equatorial_circular,0.620603
BD/BI_Cr_5/images_unlabels/unlabels/Vit.V.viniX400wF(4983)(0)F-20.png,equatorial_circular,0.75238824
BD/BI_Cr_5/images_unlabels/unlabels/Vit.V.viniX400wF(4983)(0)F-21.png,polar_triangular,0.8067931
BD/BI_Cr_5/images_unlabels/unlabels/Vit.V.viniX400wF(4983)(0)F-23.png,equatorial_circular,0.65409064
BD/BI_Cr_5/images_unlabels/unlabels/Vit.V.viniX400wF(4983)(0)F-25.png,polar_triangular,0.6794805
BD/BI_Cr_5/images_unlabels/unlabels/Vit.V.viniX400wF(4983)(0)F-26.png,polar_triangular,0.56012726
BD/BI_Cr_5/images_unlabels/unlabels/Vit.V.viniX400wF(4983)(0)F-4.png,equatorial_circular,0.87405723
BD/BI_Cr_5/images_unlabels/unlabels/Vit.V.viniX400wF(4984)(0)G-10.png,equatorial_circular,0.88238305
BD/BI_Cr_5/images_unlabels/unlabels/Vit.V.viniX400wF(4984)(0)G-11.png,equatorial_circular,0.8499878
BD/BI_Cr_5/images_unlabels/unlabels/Vit.V.viniX400wF(4984)(0)G-12.png,equatorial_circular,0.7708252
BD/BI_Cr_5/images_unlabels/unlabels/Vit.V.viniX400wF(4984)(0)G-2.png,equatorial_circular,0.84467
BD/BI_Cr_5/images_unlabels/unlabels/Vit.V.viniX400wF(4984)(0)G-25.png,polar_triangular,0.856424
BD/BI_Cr_5/images_unlabels/unlabels/Vit.V.viniX400wF(4984)(0)G-29.png,polar_triangular,0.84566075
BD/BI_Cr_5/images_unlabels/unlabels/Vit.V.viniX400wF(4984)(0)G-36.png,equatorial_circular,0.93420535
BD/BI_Cr_5/images_unlabels/unlabels/Vit.V.viniX400wF(4984)(0)G-51.png,equatorial_circular,0.57661647
BD/BI_Cr_5/images_unlabels/unlabels/Vit.V.viniX400wF(4984)(0)G-8.png,equatorial_circular,0.5494221
BD/BI_Cr_5/images_unlabels/unlabels/Vit.V.viniX400wF(4985)(0)H-14.png,equatorial_circular,0.920198
BD/BI_Cr_5/images_unlabels/unlabels/Vit.V.viniX400wF(4985)(0)H-16.png,equatorial_circular,0.57041585
BD/BI_Cr_5/images_unlabels/unlabels/Vit.V.viniX400wF(4985)(0)H-23.png,equatorial_circular,0.92738926
BD/BI_Cr_5/images_unlabels/unlabels/Vit.V.viniX400wF(4985)(0)H-26.png,equatorial_circular,0.911404
BD/BI_Cr_5/images_unlabels/unlabels/Vit.V.viniX400wF(4985)(0)H-34.png,equatorial_circular,0.81677186
BD/BI_Cr_5/images_unlabels/unlabels/Vit.V.viniX400wF(4985)(0)H-36.png,equatorial_circular,0.90010464
BD/BI_Cr_5/images_unlabels/unlabels/Vit.V.viniX400wF(4985)(0)H-43.png,polar_triangular,0.613976
BD/BI_Cr_5/images_unlabels/unlabels/x40 f (1)-1.png,polar_triangular,0.50762993
BD/BI_Cr_5/images_unlabels/unlabels/x40 f (1)-2.png,polar_circular,0.7160202
BD/BI_Cr_5/images_unlabels/unlabels/x40 f (1)-5.png,polar_circular,0.941888
BD/BI_Cr_5/images_unlabels/unlabels/x40 f (2)-1.png,equatorial_alongada,0.7889676
BD/BI_Cr_5/images_unlabels/unlabels/x40 f (3)-3.png,equatorial_circular,0.90014666
BD/BI_Cr_5/images_unlabels/unlabels/x40 f (3)-8.png,polar_circular,0.68258566
BD/BI_Cr_5/images_unlabels/unlabels/x40 f (3)-9.png,equatorial_circular,0.8732578
BD/BI_Cr_5/images_unlabels/unlabels/x40 f (4)-1.png,equatorial_circular,0.7009746
BD/BI_Cr_5/images_unlabels/unlabels/x40 f (4)-12.png,polar_circular,0.6242193
BD/BI_Cr_5/images_unlabels/unlabels/x40 f (4)-14.png,polar_circular,0.8376768
BD/BI_Cr_5/images_unlabels/unlabels/x40 f (4)-16.png,equatorial_circular,0.81499916
BD/BI_Cr_5/images_unlabels/unlabels/x40 f (4)-2.png,polar_circular,0.7305087
BD/BI_Cr_5/images_unlabels/unlabels/x40 f (4)-3.png,polar_circular,0.93265504
BD/BI_Cr_5/images_unlabels/unlabels/x40 f (5)-10.png,polar_circular,0.8352642
BD/BI_Cr_5/images_unlabels/unlabels/x40 f (5)-11.png,polar_circular,0.64075565
BD/BI_Cr_5/images_unlabels/unlabels/x40 f (5)-16.png,polar_circular,0.7866924
BD/BI_Cr_5/images_unlabels/unlabels/x40 f (5)-17.png,polar_circular,0.6490838
BD/BI_Cr_5/images_unlabels/unlabels/x40 f (5)-2.png,polar_circular,0.6437978
BD/BI_Cr_5/images_unlabels/unlabels/x40 f (5)-7.png,polar_circular,0.936397
BD/BI_Cr_5/images_unlabels/unlabels/x40 f (5)-8.png,polar_circular,0.8249731
BD/BI_Cr_5/images_unlabels/unlabels/x40 f (5)-9.png,equatorial_circular,0.62125576
BD/BI_Cr_5/images_unlabels/unlabels/x40 f (6)-1.png,equatorial_circular,0.61947536
BD/BI_Cr_5/images_unlabels/unlabels/x40 f (6)-11.png,equatorial_circular,0.94651335
BD/BI_Cr_5/images_unlabels/unlabels/x40 f (6)-12.png,polar_circular,0.8339822
BD/BI_Cr_5/images_unlabels/unlabels/x40 f (6)-14.png,equatorial_circular,0.79876816
BD/BI_Cr_5/images_unlabels/unlabels/x40 f (6)-15.png,polar_circular,0.64885074
BD/BI_Cr_5/images_unlabels/unlabels/x40 f (6)-16.png,equatorial_circular,0.9339658
BD/BI_Cr_5/images_unlabels/unlabels/x40 f (6)-5.png,polar_circular,0.9477002
BD/BI_Cr_5/images_unlabels/unlabels/x40 f (6)-7.png,equatorial_circular,0.50748193
BD/BI_Cr_5/images_unlabels/unlabels/x40 f (7)-2.png,polar_circular,0.58219737
BD/BI_Cr_5/images_unlabels/unlabels/x40 f (7)-4.png,polar_circular,0.7939447
BD/BI_Cr_5/images_unlabels/unlabels/x40 f (7)-5.png,equatorial_eliptica,0.46911168
BD/BI_Cr_5/images_unlabels/unlabels/x40 f (7)-6.png,equatorial_eliptica,0.6045764
BD/BI_Cr_5/images_unlabels/unlabels/x40 f (7)-7.png,equatorial_circular,0.8895502
